user_id,name,email,phone_number
1,dr. Jefri Novitasari,jakaramadan@example.net,+62-073-068-3664
2,Ajiman Sudiati,omargunawan@example.org,+62 (01) 087-8848
3,"T. Prabu Mulyani, S.I.Kom",kambali21@example.org,+62 (13) 348 8406
4,Rendy Hutapea,siregarheru@example.net,+62 (07) 392 0770
5,Cinta Narpati,jthamrin@example.com,+62 (46) 893 2946
6,"Dr. Harsaya Prasetyo, S.Kom",novitasaribalapati@example.net,0836605364
7,Silvia Sihombing,ikhsan48@example.com,+62-0922-028-5450
8,"Eman Sihombing, S.T.",cemani42@example.com,+62 (0755) 659-9260
9,"Parman Budiyanto, S.I.Kom",iwaluyo@example.org,+62-858-690-9319
10,H. Luis Wacana,taryani@example.com,(0905) 094 4297
11,"Ir. Bahuraksa Hastuti, M.Ak",himawan36@example.net,+62 (460) 593 7546
12,"drg. Mahesa Manullang, S.T.",pangeran03@example.com,+62-003-272-0145
13,Naradi Suartini,iirawan@example.com,+62 (012) 330 8250
14,Mutia Firgantoro,cawisono60@example.org,+62-0903-733-9163
15,"Tgk. Darman Uyainah, S.E.",yolandakaren@example.org,+62-28-939-6868
16,Reza Mardhiyah,luhungharyanto@example.net,+62 (95) 590-2143
17,"Cut Devi Iswahyudi, S.Pt",upurnawati@example.com,(0993) 300 9413
18,R. Damu Mandasari,gangsa84@example.org,+62 (41) 080-9535
19,Perkasa Irawan,rama15@example.org,+62-050-919-1170
20,Taufik Yuliarti,daru84@example.org,+62 (0607) 949-7250
21,Indra Sihombing,asmadi31@example.net,084 259 5783
22,"Rahayu Wibowo, S.Psi",lili91@example.net,0849423126
23,Kenzie Hartati,danujamustofa@example.org,+62 (821) 369-8057
24,"R. Kala Andriani, S.Sos",tpadmasari@example.net,+62-058-715-7060
25,Vera Purnawati,lwahyudin@example.com,+62-066-054-0757
26,Ir. Samiah Wahyudin,lili48@example.com,(0368) 992 9295
27,Dimas Purnawati,bajragin70@example.com,+62 (0623) 928-9018
28,Pangestu Maryati,izulaika@example.org,+62-0584-989-2682
29,Ir. Intan Kurniawan,swastuti@example.org,+62 (07) 283 1410
30,Tgk. Rini Mardhiyah,cemani66@example.net,(0482) 904 4355
31,Wardaya Prabowo,wijayantihumaira@example.net,+62 (615) 578-7009
32,Farhunnisa Irawan,waluyohandayani@example.com,+62-084-852-9035
33,Galak Hardiansyah,cfarida@example.net,+62 (218) 019 1471
34,Dr. Mahdi Latupono,widodoemil@example.org,+62 (32) 496 9350
35,"Hj. Rahmi Adriansyah, M.Kom.",prastutiatma@example.org,+62 (440) 821-2781
36,"Elisa Maulana, M.Farm",firmansyahleo@example.net,+62-856-100-4522
37,Vinsen Yuliarti,bnababan@example.net,(0850) 230 0237
38,Ella Halimah,pradanahalima@example.org,(059) 358-8175
39,Tiara Firgantoro,arismelani@example.net,+62 (0439) 110-0206
40,Ir. Tantri Novitasari,pangestuajeng@example.com,(043) 157 7495
41,Ajeng Gunawan,gmarpaung@example.org,+62-0758-680-5449
42,"R. Warsa Kuswandari, S.Pd",kairav72@example.com,+62 (043) 031 2929
43,Bajragin Gunarto,novapadmasari@example.net,(0087) 520 2644
44,"Kamaria Suwarno, S.Pt",digdayauyainah@example.com,+62-74-195-8114
45,Danuja Kuswandari,zpertiwi@example.com,+62 (381) 663-2342
46,Jono Hariyah,astutiganda@example.org,+62 (0376) 260-4593
47,"R.A. Farhunnisa Melani, S.H.",bnapitupulu@example.org,+62 (519) 381 4333
48,"Ina Hasanah, S.Pt",surya40@example.com,+62-0284-858-6650
49,"Edison Lestari, S.E.I",karsanapratama@example.com,+62-039-364-4469
50,Queen Pangestu,simbolontri@example.org,(011) 308 0361
51,Dagel Pudjiastuti,hastutipangeran@example.org,+62 (0169) 388-4059
52,Yani Wasita,mandalayoga@example.net,+62-49-322-4909
53,"Yuni Suryono, S.Ked",byulianti@example.net,+62 (027) 242-9932
54,Baktianto Dongoran,ibrahimtarihoran@example.net,+62-706-785-7975
55,dr. Amalia Marpaung,ganggriawan@example.com,+62 (075) 415 2637
56,Raisa Rahmawati,nyomanhassanah@example.net,(0631) 701 2456
57,"Luwes Aryani, S.IP",elvin67@example.com,+62-028-051-5761
58,Hardana Putra,lili51@example.net,0869728312
59,dr. Indah Oktaviani,nyoman17@example.com,(0378) 677-4326
60,"R. Eka Widiastuti, M.Pd",asmadi24@example.org,+62-585-119-6194
61,Cinthia Saputra,tambarina@example.com,(0926) 451 4985
62,drg. Gatra Zulaika,drajatsuryatmi@example.net,+62 (089) 245-3900
63,"Ir. Bakda Pranowo, S.Ked",carla34@example.net,(0051) 717-7864
64,"R. Dadi Suryono, S.E.I",ouwais@example.net,088 464 2487
65,Cut Rachel Prasetya,devizulkarnain@example.org,+62 (403) 717-5708
66,Lanang Budiman,yuniarshakila@example.com,+62-531-198-0379
67,"Devi Prabowo, S.Farm",whalim@example.com,083 194 6281
68,"Drs. Jumadi Yuliarti, S.Kom",xwidiastuti@example.org,+62-0636-288-1406
69,Ajiman Mustofa,zwinarsih@example.org,+62-81-353-4296
70,"Hj. Syahrini Natsir, S.E.",ikhsanbudiyanto@example.com,+62 (0985) 527 7721
71,R.M. Jail Purnawati,yuliartikarja@example.net,+62-636-095-1133
72,"Shania Lestari, S.I.Kom",tantri88@example.com,0875626522
73,"Edi Saragih, M.Ak",rahmawatijane@example.org,+62 (872) 486-2322
74,Jarwa Handayani,putraedi@example.org,+62 (68) 551 7977
75,Zalindra Zulaika,cakrabuana49@example.org,+62-0954-442-1456
76,"Ilsa Usada, S.Kom",tambafitria@example.net,+62 (19) 407 6921
77,"H. Cawuk Zulaika, M.TI.",zelayahalimah@example.org,+62-39-260-6701
78,Dr. Humaira Saptono,dwi95@example.com,(0145) 514-0436
79,Ellis Prabowo,dadisuwarno@example.net,+62 (069) 032-2800
80,Tgk. Dasa Waluyo,prasastapurwadi@example.net,+62 (057) 731 6887
81,"Tgk. Lukita Pangestu, M.TI.",situmorangmarwata@example.net,088 636 6307
82,Cager Puspasari,kartika95@example.net,(0264) 998-1363
83,"Zelda Saptono, S.Ked",emplukhakim@example.org,+62 (0762) 090-8308
84,R.M. Prabu Safitri,dongoranjayadi@example.net,+62 (90) 270 2993
85,Puji Nurdiyanti,atamba@example.com,+62 (16) 235 8490
86,Mulya Ardianto,ohidayanto@example.net,+62 (956) 812-8212
87,Ajiono Mansur,karsanapurwanti@example.net,083 660 3719
88,Tantri Anggraini,cawisono47@example.com,085 337 7238
89,Candrakanta Ramadan,sinagaade@example.com,+62-0790-026-6378
90,Laksana Jailani,hariyahulya@example.com,(010) 251-8171
91,Maida Napitupulu,daruna85@example.net,082 311 9684
92,"Baktiadi Hasanah, M.M.",mulyantousada@example.com,(024) 780-9312
93,Daruna Laksmiwati,suryatmiparman@example.com,+62 (90) 698 3653
94,"R. Hafshah Safitri, M.Kom.",puspasariajimin@example.com,+62-52-035-6938
95,Jumadi Lazuardi,martani49@example.com,0888255345
96,Lala Rahmawati,irnanto22@example.com,+62 (044) 894-9695
97,Tedi Agustina,pranatazulaika@example.com,+62 (066) 284-8769
98,KH. Virman Laksmiwati,reksahandayani@example.net,+62 (0570) 033-2537
99,Caraka Tamba,tomihalim@example.org,+62 (079) 254-8790
100,"Wulan Thamrin, S.Kom",daliono63@example.com,+62 (0240) 072 9393
